City_ID,City,Country,Lat,Lng,Max Temp,Humidity,Cloudiness,Wind Speed,Current Description
0,Hobart,AU,-42.8794,147.3294,47.26,84,20,8.05,few clouds
1,Luderitz,NA,-26.6481,15.1594,64.18,47,0,4.72,clear sky
2,Kavaratti,IN,10.5669,72.642,81.12,77,100,20.67,overcast clouds
3,Puerto Ayora,EC,-0.7393,-90.3518,75.16,94,53,5.01,broken clouds
4,Vysokogornyy,RU,50.1167,139.15,55.65,92,100,2.82,overcast clouds
5,Souillac,MU,-20.5167,57.5167,69.28,69,60,13.85,broken clouds
6,Husavik,IS,66.0449,-17.3389,49.98,82,87,3.51,overcast clouds
7,Ushuaia,AR,-54.8,-68.3,31.66,80,40,27.63,light snow
8,Thompson,CA,55.7435,-97.8558,60.3,71,100,7.76,overcast clouds
9,Luebo,CD,-5.35,21.4167,77.04,44,61,1.79,broken clouds
10,Busselton,AU,-33.65,115.3333,58.48,79,71,9.19,broken clouds
11,Vaini,TO,-21.2,-175.2,73.96,77,36,9.73,scattered clouds
12,Kapenguria,KE,1.2511,35.0895,55.06,90,80,4.56,light rain
13,Ossora,RU,59.2353,163.0719,61.61,62,2,7.65,clear sky
14,Jalu,LY,29.0331,21.5482,76.98,55,0,12.88,clear sky
15,Port Alfred,ZA,-33.5906,26.891,57.18,77,0,8.39,clear sky
16,Karibib,NA,-21.9333,15.8333,59.63,29,0,8.43,clear sky
17,Hilo,US,19.7297,-155.09,85.28,91,100,9.22,mist
18,East London,ZA,-33.0153,27.9116,58.82,77,2,7.54,clear sky
19,Klaksvik,FO,62.2266,-6.589,47.32,86,47,3.65,scattered clouds
20,Arraial Do Cabo,BR,-22.9661,-42.0278,71.17,81,1,13.51,clear sky
21,Acapulco,MX,16.8634,-99.8901,87.62,74,40,8.05,scattered clouds
22,Kuznechnoye,RU,61.12,29.8686,66.99,79,34,4.21,scattered clouds
23,Tommot,RU,58.9564,126.2925,69.78,77,47,0.49,scattered clouds
24,Victoria,HK,22.2855,114.1577,87.33,83,0,5.99,clear sky
25,Saldanha,ZA,-33.0117,17.9442,53.83,81,99,10.38,overcast clouds
26,Georgetown,MY,5.4112,100.3354,82.89,87,20,0.0,few clouds
27,Galion,US,40.7337,-82.7899,83.55,59,0,9.48,clear sky
28,Avera,US,33.194,-82.5271,89.11,65,100,7.0,overcast clouds
29,Norman Wells,CA,65.282,-126.8329,76.93,42,29,6.93,scattered clouds
30,Mataura,NZ,-46.1927,168.8643,43.48,94,100,0.98,overcast clouds
31,Tiksi,RU,71.6872,128.8694,42.06,81,91,8.39,overcast clouds
32,Hilton Head Island,US,32.2163,-80.7526,86.0,78,0,10.36,clear sky
33,Cayenne,GF,4.9333,-52.3333,82.09,1,20,2.3,few clouds
34,Novoplatnirovskaya,RU,46.1065,39.4191,62.47,74,2,7.56,clear sky
35,Comodoro Rivadavia,AR,-45.8667,-67.5,37.26,44,0,9.22,clear sky
36,Itacare,BR,-14.2775,-38.9967,70.83,87,47,7.38,scattered clouds
37,Bluff,NZ,-46.6,168.3333,43.81,81,90,8.12,overcast clouds
38,Tanete,ID,-3.9443,119.7848,74.44,96,75,5.64,broken clouds
39,Butaritari,KI,3.0707,172.7902,81.48,73,57,5.41,broken clouds
40,Thunder Bay,CA,48.4001,-89.3168,74.35,45,29,10.11,scattered clouds
41,Pergamino,AR,-33.89,-60.5736,54.18,67,96,7.85,overcast clouds
42,New Norfolk,AU,-42.7826,147.0587,46.92,82,2,3.06,clear sky
43,Rikitea,PF,-23.1203,-134.9692,74.1,80,94,23.02,light rain
44,Bethel,US,41.3712,-73.414,90.64,71,0,8.05,clear sky
45,Nanortalik,GL,60.1432,-45.2371,49.91,76,3,7.67,clear sky
46,Yenagoa,NG,4.9247,6.2642,74.23,89,88,3.62,overcast clouds
47,Hermanus,ZA,-34.4187,19.2345,43.81,76,100,5.06,overcast clouds
48,Muhos,FI,64.808,25.9931,65.98,95,88,3.96,overcast clouds
49,Jamestown,US,42.097,-79.2353,81.95,62,40,10.36,scattered clouds
50,Dublin,US,37.7021,-121.9358,100.69,42,0,12.66,clear sky
51,Khatanga,RU,71.9667,102.5,52.95,78,100,14.16,overcast clouds
52,Airai,TL,-8.9266,125.4092,57.38,85,98,3.78,overcast clouds
53,Bratsk,RU,56.1325,101.6142,62.35,76,22,3.4,few clouds
54,Kapaa,US,22.0752,-159.319,85.98,69,20,16.11,few clouds
55,Faanui,PF,-16.4833,-151.75,77.54,72,12,10.6,light rain
56,Cascais,PT,38.6979,-9.4215,68.47,71,95,21.0,overcast clouds
57,Marystown,CA,47.1666,-55.1483,64.85,100,52,8.01,broken clouds
58,Puli,TW,23.9664,120.9695,79.41,64,2,3.13,clear sky
59,Saskylakh,RU,71.9167,114.0833,50.92,65,100,7.29,overcast clouds
60,Pevek,RU,69.7008,170.3133,32.05,100,100,11.07,snow
61,Yulara,AU,-25.2406,130.9889,51.21,39,0,5.01,clear sky
62,Matamoros,MX,25.5333,-103.25,100.51,14,75,6.91,broken clouds
63,Tiarei,PF,-17.5333,-149.3333,82.42,76,15,10.38,light rain
64,Emiliano Zapata,MX,18.8333,-99.1833,86.67,42,75,5.75,broken clouds
65,Avarua,CK,-21.2078,-159.775,73.45,78,75,16.11,broken clouds
66,San Quintin,MX,30.4833,-115.95,73.53,68,100,13.42,overcast clouds
67,Atuona,PF,-9.8,-139.0333,77.31,73,14,15.26,few clouds
68,Rundu,NA,-17.9333,19.7667,61.77,38,87,6.42,overcast clouds
69,Tiznit,MA,29.5833,-9.5,88.65,21,26,1.59,scattered clouds
70,Lokosovo,RU,61.1333,74.8167,51.12,75,81,8.05,broken clouds
71,Upernavik,GL,72.7868,-56.1549,45.32,96,100,13.02,overcast clouds
72,Carnarvon,AU,-24.8667,113.6333,60.28,76,43,16.31,scattered clouds
73,Harper,LR,4.375,-7.7169,75.2,75,100,7.63,overcast clouds
74,Pangnirtung,CA,66.1451,-65.7125,45.99,87,93,0.78,overcast clouds
75,Kodiak,US,57.79,-152.4072,53.11,87,100,5.75,overcast clouds
76,Vardo,NO,70.3705,31.1107,55.38,94,100,0.0,overcast clouds
77,Urucui,BR,-7.2294,-44.5561,83.91,32,59,5.12,broken clouds
78,Emba,KZ,48.8264,58.1442,73.58,37,99,12.19,overcast clouds
79,Lappeenranta,FI,61.0587,28.1887,64.45,72,0,3.44,clear sky
80,Sampit,ID,-2.5333,112.95,73.31,99,97,1.92,overcast clouds
81,Maningrida,AU,-12.0667,134.2667,63.93,61,80,11.3,broken clouds
82,Sinnamary,GF,5.3833,-52.95,78.01,85,31,7.87,scattered clouds
83,Bayevo,RU,53.2833,80.7667,59.11,95,11,8.16,light rain
84,Atambua,ID,-9.1061,124.8925,71.04,81,96,6.53,overcast clouds
85,Cockburn Town,TC,21.4612,-71.1419,82.29,83,32,19.75,scattered clouds
86,Haimen,CN,23.1935,116.6142,81.48,81,3,4.54,clear sky
87,Lebu,CL,-37.6167,-73.65,50.99,89,99,11.03,light rain
88,Kasongo-Lunda,CD,-6.4667,16.8167,75.76,51,62,1.5,broken clouds
89,Cherskiy,RU,68.75,161.3,47.28,45,99,11.86,overcast clouds
90,Lasa,IT,46.6166,10.7002,69.37,87,45,2.44,scattered clouds
91,Qasigiannguit,GL,68.8193,-51.1922,52.05,97,100,1.36,overcast clouds
92,Fortuna,US,40.5982,-124.1573,69.93,72,41,5.01,scattered clouds
93,Fort Nelson,CA,58.8053,-122.7002,67.55,37,85,12.1,overcast clouds
94,Ostrovnoy,RU,68.0531,39.5131,54.54,86,96,5.41,overcast clouds
95,Omsukchan,RU,62.5333,155.8,56.08,49,0,9.24,clear sky
96,Moerewa,NZ,-35.3833,174.0333,61.34,66,59,5.68,broken clouds
97,Buala,SB,-8.145,159.5921,83.64,71,76,3.76,light rain
98,Lluta,PE,-16.0147,-72.0142,51.69,51,29,1.99,scattered clouds
99,Yellowknife,CA,62.456,-114.3525,63.79,52,98,7.92,overcast clouds
100,Mpanda,TZ,-6.3655,31.0409,63.59,55,29,1.1,scattered clouds
101,Micheweni,TZ,-4.9667,39.8333,74.88,76,2,15.95,clear sky
102,Jinji,CN,23.2281,110.8261,78.58,92,10,1.28,clear sky
103,Hammerfest,NO,70.6634,23.6821,52.25,100,100,8.05,drizzle
104,Chapais,CA,49.7834,-74.8492,65.98,91,100,12.82,light rain
105,Qaanaaq,GL,77.484,-69.3632,43.75,91,100,10.49,light rain
106,Sitka,US,57.0531,-135.33,57.09,77,75,0.0,broken clouds
107,Hasaki,JP,35.7333,140.8333,84.29,85,64,17.07,broken clouds
108,Katsuura,JP,35.1333,140.3,82.42,85,41,15.84,scattered clouds
109,Pitimbu,BR,-7.4706,-34.8086,73.99,85,93,8.3,overcast clouds
110,Dongobesh,TZ,-4.0667,35.3833,48.52,90,7,7.11,clear sky
111,Listvyanskiy,RU,54.4399,83.4984,57.43,97,44,9.64,moderate rain
112,Ancud,CL,-41.8697,-73.8203,41.23,91,100,2.91,light rain
113,Hailar,CN,49.2,119.7,73.51,55,11,3.83,few clouds
114,Tasiilaq,GL,65.6145,-37.6368,37.56,78,84,3.15,broken clouds
115,Aleksandrov Gay,RU,50.147,48.5704,65.66,79,32,0.76,scattered clouds
116,Nouadhibou,MR,20.931,-17.0347,69.35,94,18,5.35,few clouds
117,Alice Springs,AU,-23.7,133.8833,38.75,70,0,0.0,clear sky
118,Misratah,LY,32.3754,15.0925,79.99,60,0,7.23,clear sky
119,Encruzilhada Do Sul,BR,-30.5439,-52.5219,62.11,96,100,3.36,overcast clouds
120,Namatanai,PG,-3.6667,152.4333,82.94,71,85,5.95,overcast clouds
121,Dwarka,IN,22.2394,68.9678,82.54,81,100,18.95,overcast clouds
122,Albany,US,42.6001,-73.9662,90.01,54,20,10.76,few clouds
123,Cape Town,ZA,-33.9258,18.4232,58.37,79,100,3.4,overcast clouds
124,Andenes,NO,69.3143,16.1194,53.58,87,100,5.75,light rain
125,Barrow,US,71.2906,-156.7887,46.42,76,20,26.46,few clouds
126,Ribeira Grande,PT,38.5167,-28.7,73.45,86,52,2.01,broken clouds
127,Twentynine Palms,US,34.1356,-116.0542,109.54,12,73,7.76,broken clouds
128,Port-Gentil,GA,-0.7193,8.7815,75.16,88,75,10.36,broken clouds
129,Karoi,ZW,-16.8099,29.6925,54.36,73,69,4.45,broken clouds
130,Bambous Virieux,MU,-20.3428,57.7575,69.22,68,86,17.27,overcast clouds
131,Castro,BR,-24.7911,-50.0119,59.68,83,57,2.64,broken clouds
132,Pacific Grove,US,36.6177,-121.9166,82.24,80,40,10.36,scattered clouds
133,Berlevag,NO,70.8578,29.0864,60.6,94,100,3.44,light rain
134,Talnakh,RU,69.4865,88.3972,56.21,75,16,5.08,few clouds
135,Riyadh,SA,24.6877,46.7219,93.34,10,37,9.86,scattered clouds
136,Dunedin,NZ,-45.8742,170.5036,44.46,83,94,2.28,overcast clouds
137,Cap Malheureux,MU,-19.9842,57.6142,69.48,72,79,5.99,broken clouds
138,Lethem,GY,3.3803,-59.7968,77.25,86,96,7.02,overcast clouds
139,High Level,CA,58.5169,-117.136,53.71,100,100,6.91,heavy intensity rain
140,Tuktoyaktuk,CA,69.4541,-133.0374,55.4,88,75,6.91,broken clouds
141,Miranda,CO,3.2499,-76.2281,77.13,91,89,2.42,overcast clouds
142,Pahrump,US,36.2083,-115.9839,108.45,10,89,5.99,overcast clouds
143,Gravdal,NO,68.1214,13.5031,53.42,90,100,15.97,overcast clouds
144,Khorramshahr,IR,30.4397,48.1664,91.35,58,0,8.84,clear sky
145,Edendale,ZA,-29.6528,30.3147,55.85,84,85,2.66,overcast clouds
146,Burdur,TR,37.7203,30.2908,66.9,45,0,10.36,clear sky
147,Portobelo,PA,9.55,-79.65,79.74,85,100,1.36,overcast clouds
148,Whitehorse,CA,60.7161,-135.0538,64.31,45,87,15.99,overcast clouds
149,College,US,64.8569,-147.8028,66.2,56,100,6.91,overcast clouds
150,Simojovel,MX,17.1391,-92.7103,75.87,97,100,2.26,overcast clouds
151,Salta,AR,-24.7859,-65.4117,62.58,63,66,1.01,broken clouds
152,Visby,SE,57.6409,18.296,70.02,73,9,10.36,clear sky
153,Morros,BR,-9.4467,-46.3003,75.81,35,4,4.85,clear sky
154,Codrington,AU,-38.2667,141.9667,48.58,83,84,11.77,broken clouds
155,Severo-Kurilsk,RU,50.6789,156.125,53.83,96,100,25.26,heavy intensity rain
156,Port Elizabeth,ZA,-33.918,25.5701,50.31,97,14,7.18,few clouds
157,Bredasdorp,ZA,-34.5322,20.0403,47.19,88,100,3.65,overcast clouds
158,San Patricio,US,28.017,-97.5169,94.17,50,33,19.1,scattered clouds
159,Punta Arenas,CL,-53.15,-70.9167,32.11,93,20,20.71,few clouds
160,Sayat,TM,38.7839,63.8803,87.3,13,0,9.57,clear sky
161,Alta Floresta,BR,-9.8756,-56.0861,76.75,36,0,0.69,clear sky
162,Carballo,ES,43.213,-8.691,67.42,92,99,10.71,overcast clouds
163,Itaituba,BR,-4.2761,-55.9836,78.87,70,69,0.16,broken clouds
164,Abu Dhabi,AE,24.4667,54.3667,96.91,53,0,5.75,clear sky
165,Mar Del Plata,AR,-38.0023,-57.5575,51.1,68,0,2.3,clear sky
166,Bordighera,IT,43.7806,7.6645,81.55,70,0,3.13,clear sky
167,Ayorou,NE,14.7308,0.9174,91.26,42,72,4.85,broken clouds
168,Bullhead City,US,35.1478,-114.5683,116.02,12,75,8.05,broken clouds
169,Praia Da Vitoria,PT,38.7333,-27.0667,72.75,91,86,2.01,overcast clouds
170,Komsomolskiy,UZ,40.4272,71.7189,79.52,38,0,6.91,clear sky
171,Topolovgrad,BG,42.0833,26.3333,65.71,73,0,3.38,clear sky
172,Westport,US,41.1415,-73.3579,91.02,77,0,5.75,clear sky
173,Kaitangata,NZ,-46.2817,169.8464,44.74,86,97,2.42,overcast clouds
174,Sept-Iles,CA,50.2001,-66.3821,66.72,78,100,11.5,thunderstorm with heavy rain
175,Dikson,RU,73.5069,80.5464,43.18,93,100,15.77,light rain
176,Kisangani,CD,0.5167,25.2,72.1,94,88,1.68,overcast clouds
177,Constitucion,CL,-35.3333,-72.4167,53.17,88,49,10.83,scattered clouds
178,Lagoa,PT,39.05,-27.9833,71.74,89,96,4.27,overcast clouds
179,Kruisfontein,ZA,-34.0033,24.7314,49.44,87,37,5.48,scattered clouds
180,Port-Cartier,CA,50.0334,-66.8654,66.42,92,100,7.25,overcast clouds
181,Grand Gaube,MU,-20.0064,57.6608,69.39,72,80,5.99,broken clouds
182,Provideniya,RU,64.3833,-173.3,42.91,87,100,21.99,light rain
183,Severnoye,RU,56.3491,78.3619,57.33,99,100,4.09,light rain
184,Hermiston,US,45.8404,-119.2895,103.64,16,0,11.5,clear sky
185,Lompoc,US,34.6391,-120.4579,86.14,73,0,15.01,clear sky
186,Mana,GF,5.6592,-53.7767,78.28,85,21,8.88,few clouds
187,Torbay,CA,47.6666,-52.7314,67.87,76,79,6.8,broken clouds
188,Geraldton,AU,-28.7667,114.6,54.01,87,100,10.36,overcast clouds
189,Puri,IN,19.8,85.85,81.12,79,100,4.0,overcast clouds
190,Nikolskoye,RU,59.7035,30.7861,65.88,89,0,3.09,clear sky
191,Uribia,CO,11.7139,-72.266,87.55,57,94,20.85,overcast clouds
192,Hervey Bay,AU,-25.2986,152.8535,64.0,88,99,22.28,overcast clouds
193,Touros,BR,-5.1989,-35.4608,75.34,84,100,8.5,overcast clouds
194,Golpayegan,IR,33.4537,50.2884,77.65,28,0,4.03,clear sky
195,Nyrob,RU,60.733,56.7202,54.55,89,69,2.26,broken clouds
196,Cidreira,BR,-30.1811,-50.2056,62.64,90,93,4.0,overcast clouds
197,Energetik,RU,51.7445,58.7934,60.46,68,0,2.91,clear sky
198,Chuy,UY,-33.6971,-53.4616,51.85,89,92,6.29,overcast clouds
199,Mecca,SA,21.4267,39.8261,86.09,54,59,2.44,broken clouds
200,Haines Junction,CA,60.7522,-137.5108,57.38,57,100,7.81,overcast clouds
201,Meulaboh,ID,4.1363,96.1285,77.2,83,99,5.23,overcast clouds
202,Hudiksvall,SE,61.729,17.1036,63.39,96,100,7.0,overcast clouds
203,Ponta Do Sol,PT,32.6667,-17.1,70.72,82,3,6.17,clear sky
204,Te Anau,NZ,-45.4167,167.7167,39.22,91,67,1.21,broken clouds
205,Nieuw Amsterdam,SR,5.8833,-55.0833,82.42,82,20,5.75,few clouds
206,Ganderkesee,DE,53.0333,8.5333,62.78,95,100,14.97,overcast clouds
207,North Bend,US,43.4065,-124.2243,75.24,80,0,10.36,clear sky
208,Conde,BR,-7.2597,-34.9075,72.86,88,100,11.5,overcast clouds
209,Sibolga,ID,1.7427,98.7792,75.33,88,96,3.4,light rain
210,Curumani,CO,9.1999,-73.5427,81.41,85,93,1.66,overcast clouds
211,La Union,PE,-5.4,-80.75,75.24,49,37,13.67,scattered clouds
212,Ostersund,SE,63.1792,14.6357,54.61,87,100,9.22,overcast clouds
213,Iqaluit,CA,63.7506,-68.5145,41.7,93,77,4.0,broken clouds
214,Murmashi,RU,68.8154,32.8115,63.01,93,40,2.24,scattered clouds
215,Elizabeth City,US,36.2946,-76.2511,83.01,85,75,8.05,light rain
216,Eyl,SO,7.9803,49.8164,76.17,76,32,22.66,scattered clouds
217,Maues,BR,-3.3836,-57.7186,78.64,74,34,0.36,scattered clouds
218,Bathsheba,BB,13.2167,-59.5167,83.01,89,20,20.71,few clouds
219,Yei,SS,4.095,30.6779,64.44,94,25,2.73,scattered clouds
220,Yamada,JP,39.4667,141.95,70.52,93,92,0.65,light rain
221,Kristiinankaupunki,FI,62.2743,21.376,62.37,95,100,4.76,overcast clouds
222,Tura,IN,25.5198,90.2201,74.21,97,100,3.71,light rain
223,Taywarah,AF,33.35,64.4167,62.96,22,0,5.03,clear sky
224,Kutum,SD,14.2,24.6667,75.74,55,97,4.38,overcast clouds
225,Caravelas,BR,-17.7125,-39.2481,70.88,83,4,5.97,clear sky
226,Jacareacanga,BR,-6.2222,-57.7528,83.7,44,63,1.99,broken clouds
227,Nadvoitsy,RU,63.8667,34.3167,65.21,69,80,4.99,broken clouds
228,Baykit,RU,61.67,96.37,59.61,79,21,2.42,few clouds
229,Huarmey,PE,-10.0681,-78.1522,63.9,80,20,9.46,few clouds
230,Minab,IR,27.1467,57.0801,88.2,77,28,6.29,scattered clouds
231,Francavilla Fontana,IT,40.5306,17.5852,79.57,36,0,3.89,clear sky
232,Ghanzi,BW,-21.5667,21.7833,53.96,47,5,8.14,clear sky
233,Pine Bluff,US,34.2284,-92.0032,95.95,44,0,8.01,clear sky
234,Athabasca,CA,54.7169,-113.2854,77.41,42,99,13.15,overcast clouds
235,Bossangoa,CF,6.4926,17.4552,70.61,97,100,1.43,overcast clouds
236,Kaoma,ZM,-14.7833,24.8,59.05,57,52,6.35,broken clouds
237,Waipawa,NZ,-41.4122,175.5153,46.33,74,96,13.24,overcast clouds
238,Tromso,NO,69.6496,18.957,51.82,87,100,0.0,overcast clouds
239,Esperance,AU,-33.8667,121.9,52.57,81,55,17.76,broken clouds
240,Wanaka,NZ,-44.7,169.15,34.32,82,14,0.31,few clouds
241,Aden,YE,12.7794,45.0367,81.77,76,58,12.86,broken clouds
242,Qaqortoq,GL,60.7167,-46.0333,49.82,78,7,8.25,clear sky
243,Isangel,VU,-19.55,169.2667,79.68,72,3,17.31,clear sky
244,Hithadhoo,MV,-0.6,73.0833,79.95,75,100,8.03,heavy intensity rain
245,Jinka,ET,5.65,36.65,66.2,59,85,1.92,overcast clouds
246,Tallahassee,US,30.4383,-84.2807,88.86,73,40,9.22,scattered clouds
247,Najran,SA,17.4924,44.1277,84.85,35,71,2.42,broken clouds
248,Erdenet,MN,49.0333,104.0833,47.86,97,100,2.51,overcast clouds
249,Shakhtinsk,KZ,49.71,72.5872,62.94,59,48,5.99,scattered clouds
250,Dongsheng,CN,39.8161,109.9776,57.43,85,100,12.55,overcast clouds
251,Chokurdakh,RU,70.6333,147.9167,53.56,35,0,8.86,clear sky
252,Mount Darwin,ZW,-16.7725,31.5838,60.08,73,98,4.43,overcast clouds
253,Marsa Matruh,EG,31.3525,27.2453,75.67,67,0,10.11,clear sky
254,Tignere,CM,7.3667,12.65,64.71,98,100,1.81,moderate rain
255,Kununurra,AU,-15.7667,128.7333,62.58,67,6,0.0,clear sky
256,Savelugu,GH,9.6244,-0.8253,78.84,62,87,4.23,overcast clouds
257,Maceio,BR,-9.6658,-35.7353,76.44,88,20,3.44,few clouds
258,Talgar,KZ,43.3027,77.2395,64.56,45,0,2.24,clear sky
259,Hovd,MN,48.0056,91.6419,61.72,44,97,4.68,overcast clouds
260,Vostok,RU,46.4856,135.8833,61.39,98,99,1.28,overcast clouds
261,Krasnoselkup,RU,65.7,82.4667,50.63,81,71,3.29,broken clouds
262,Tezu,IN,27.9167,96.1667,75.72,97,100,2.44,overcast clouds
263,Aranda De Duero,ES,41.6704,-3.6892,75.72,22,0,4.03,clear sky
264,Umm Kaddadah,SD,13.6017,26.6876,78.51,56,99,2.53,overcast clouds
265,Xuddur,SO,4.1213,43.8894,70.97,75,58,20.0,broken clouds
266,Magdagachi,RU,53.45,125.8,66.13,74,86,3.47,overcast clouds
267,Lamar,US,33.6668,-95.5836,87.78,58,0,3.44,clear sky
268,Sao Joao Da Barra,BR,-21.6403,-41.0511,70.16,86,5,10.42,clear sky
269,Karratha,AU,-20.7377,116.8463,68.0,82,0,7.76,clear sky
270,Jerez,GT,14.1,-89.75,86.45,55,20,8.05,few clouds
271,Valenca Do Piaui,BR,-6.4075,-41.7456,78.26,49,99,6.85,overcast clouds
272,Vadinsk,RU,53.6916,43.0574,53.19,97,39,7.56,scattered clouds
273,Ilulissat,GL,69.2167,-51.1,51.82,82,75,4.61,broken clouds
274,Marawi,PH,7.9986,124.2928,71.28,90,100,2.15,overcast clouds
275,Santa Vitoria Do Palmar,BR,-33.5189,-53.3681,51.87,91,99,4.41,overcast clouds
276,Longyearbyen,SJ,78.2186,15.6401,49.84,87,75,1.14,broken clouds
277,Samarai,PG,-10.6167,150.6667,81.16,76,24,5.7,few clouds
278,Maloy,NO,61.9353,5.1136,53.33,81,66,11.56,broken clouds
279,Birao,CF,10.2849,22.7882,70.66,93,98,3.27,overcast clouds
280,Paamiut,GL,61.994,-49.6678,46.83,86,7,9.44,clear sky
281,Siukh,RU,42.5999,46.5446,54.27,93,100,2.08,overcast clouds
282,Sahuaripa,MX,29.05,-109.2333,99.28,35,24,2.15,few clouds
283,Biak,ID,-0.9131,122.8766,76.21,85,30,6.42,scattered clouds
284,Yurino,RU,56.2942,46.3039,55.76,94,94,5.79,overcast clouds
285,Talakan,RU,50.3167,130.3667,65.95,94,96,3.2,overcast clouds
286,Baculin,PH,7.4525,126.5842,80.6,80,29,3.22,scattered clouds
287,Resistencia,AR,-27.4606,-58.9839,74.1,75,0,2.3,clear sky
288,Buraydah,SA,26.326,43.975,88.25,12,12,7.0,few clouds
289,Pisco,PE,-13.7,-76.2167,60.85,82,100,16.11,overcast clouds
290,Sur,OM,22.5667,59.5289,86.41,71,86,10.69,overcast clouds
291,Blackfoot,US,43.1905,-112.345,94.78,7,29,10.65,scattered clouds
292,Maniitsoq,GL,65.4167,-52.9,46.94,85,97,12.88,overcast clouds
293,Khandyga,RU,62.6667,135.6,77.54,51,40,5.12,scattered clouds
294,Bakel,SN,14.905,-12.4568,77.99,85,99,4.27,overcast clouds
295,Banepa,NP,27.6298,85.5214,65.89,86,100,0.98,overcast clouds
296,Gravelbourg,CA,49.8834,-106.5512,80.87,23,4,15.28,clear sky
297,Bangui,CF,4.3612,18.555,70.86,97,100,1.59,overcast clouds
298,Olinda,BR,-8.0089,-34.8553,76.73,78,20,6.91,few clouds
299,Aras,ES,42.5617,-2.356,79.21,51,0,1.14,clear sky
300,Richards Bay,ZA,-28.783,32.0377,66.18,84,79,6.04,broken clouds
301,Inhambane,MZ,-23.865,35.3833,67.12,84,0,4.52,clear sky
302,Evensk,RU,61.95,159.2333,63.97,45,6,5.55,clear sky
303,Lokoja,NG,7.8024,6.743,72.45,96,59,3.51,light rain
304,Camopi,GF,3.1655,-52.3158,74.03,93,90,3.0,overcast clouds
305,Pordenone,IT,45.95,12.65,80.96,63,12,5.01,few clouds
306,San Pedro,PH,14.35,121.0167,83.26,80,20,2.3,few clouds
307,Aquiraz,BR,-3.9014,-38.3911,77.09,86,92,8.93,overcast clouds
308,Mahebourg,MU,-20.4081,57.7,70.25,77,40,11.5,scattered clouds
309,Catamarca,AR,-28.4696,-65.7852,62.58,49,39,3.53,scattered clouds
310,Dingle,PH,10.9995,122.6711,79.75,90,97,5.59,overcast clouds
311,Marzuq,YE,14.4,46.4667,76.93,61,10,7.61,clear sky
312,Novosheshminsk,RU,55.0651,51.2338,58.06,81,93,5.06,overcast clouds
313,Sosnovo-Ozerskoye,RU,52.5249,111.5418,60.51,76,100,6.8,overcast clouds
314,Lundazi,ZM,-12.2929,33.1782,62.51,60,25,9.71,scattered clouds
315,Kangasala,FI,61.4638,24.076,66.47,77,49,6.91,scattered clouds
316,Narsaq,GL,60.9167,-46.05,57.42,78,11,5.3,few clouds
317,Manzanillo,CU,20.3433,-77.1167,84.97,68,40,6.91,scattered clouds
318,Santa Fe,AR,-31.6333,-60.7,61.0,80,100,4.0,light rain
319,Daliang,CN,22.8504,113.247,86.05,70,0,3.29,clear sky
320,Beringovskiy,RU,63.05,179.3167,50.83,60,28,11.68,scattered clouds
321,Makaryev,RU,57.8797,43.8069,53.87,92,22,5.48,few clouds
322,Udachnyy,RU,66.4167,112.4,50.45,100,100,1.74,overcast clouds
323,Kuala Terengganu,MY,5.3302,103.1408,76.95,94,20,3.44,few clouds
324,Staroderevyankovskaya,RU,46.1276,38.9674,63.82,68,1,6.91,clear sky
325,Saint-Louis,SN,16.3333,-15.0,86.11,55,97,9.86,light rain
326,Vezirkopru,TR,41.1436,35.4547,59.49,86,0,0.51,clear sky
327,Kahului,US,20.8947,-156.47,84.22,66,40,19.57,scattered clouds
328,Sergeyevka,KZ,53.88,67.4158,55.96,87,1,9.53,clear sky
329,Kieta,PG,-6.2167,155.6333,83.53,63,93,2.13,overcast clouds
330,Gueret,FR,46.1667,1.8667,61.77,67,1,2.68,clear sky
331,Kjopsvik,NO,68.097,16.3742,54.18,92,100,1.45,overcast clouds
332,Panjab,AF,34.388,67.0233,60.93,31,0,3.76,clear sky
333,Agirish,RU,61.9247,63.0231,54.28,88,87,0.58,light rain
334,Taltal,CL,-25.4,-70.4833,59.0,85,9,3.09,clear sky
335,Pacifica,US,37.6138,-122.4869,84.24,85,20,25.32,mist
336,Batos,RO,46.8833,24.6667,55.09,43,0,5.32,clear sky
337,Killin,US,33.6123,-91.7412,89.69,55,40,4.61,scattered clouds
338,Dharchula,IN,29.85,80.5333,71.78,94,100,0.96,overcast clouds
339,Belen,TR,36.4891,36.2233,69.94,69,0,10.36,clear sky
340,Coquimbo,CL,-29.9533,-71.3436,55.13,82,100,4.61,overcast clouds
341,Clyde River,CA,70.4692,-68.5914,39.43,100,100,8.05,mist
342,Dawei,MM,14.0833,98.2,75.16,95,100,4.32,light rain
343,Broken Hill,AU,-31.95,141.4333,49.28,80,66,12.44,broken clouds
344,Nome,US,64.5011,-165.4064,48.27,72,100,11.5,overcast clouds
345,Necochea,AR,-38.5473,-58.7368,44.83,48,91,5.23,overcast clouds
346,Pafos,CY,34.7667,32.4167,76.78,50,0,1.14,clear sky
347,Gushikawa,JP,26.3544,127.8686,85.59,86,75,12.66,broken clouds
348,Saint George,US,37.1041,-113.5841,109.99,12,0,24.16,clear sky
349,Fort Morgan,US,40.2503,-103.8,99.82,10,0,5.75,clear sky
350,Rawson,AR,-43.3002,-65.1023,44.91,52,100,12.97,overcast clouds
351,Mount Isa,AU,-20.7333,139.5,53.37,37,0,8.05,clear sky
352,Sangar,RU,63.9242,127.4739,62.85,97,88,2.68,overcast clouds
353,Gweta,BW,-20.1833,25.2333,56.89,77,12,9.04,few clouds
354,Bac Lieu,VN,9.285,105.7244,75.54,92,73,4.27,broken clouds
355,Grindavik,IS,63.8424,-22.4338,53.55,100,100,4.61,overcast clouds
356,Wewak,PG,-3.5534,143.6268,81.59,81,90,6.24,overcast clouds
357,Gat,IL,31.61,34.7642,77.68,100,2,2.39,clear sky
358,Miri,MY,4.4148,114.0089,77.14,100,20,3.44,few clouds
359,Stephenville,US,32.2207,-98.2023,101.77,60,88,17.05,overcast clouds
360,Tena,EC,-0.9833,-77.8167,71.42,79,99,1.12,overcast clouds
361,Tuatapere,NZ,-46.1333,167.6833,44.46,91,99,2.86,overcast clouds
362,Lavrentiya,RU,65.5833,-171.0,40.53,81,100,20.42,light rain
363,Tchollire,CM,8.4022,14.1698,71.11,96,100,3.38,moderate rain
364,Ouadda,CF,8.0777,22.4007,67.06,98,94,2.28,moderate rain
365,Teberda,RU,43.4456,41.7448,56.64,95,62,4.16,broken clouds
366,Nayoro,JP,44.3506,142.4578,68.52,68,0,2.89,clear sky
367,Wanning,CN,18.8003,110.3967,79.95,87,18,1.77,few clouds
368,Mehamn,NO,71.0357,27.8492,57.11,100,100,0.0,overcast clouds
369,Salinopolis,BR,-0.6136,-47.3561,78.57,83,73,7.92,broken clouds
370,Myaundzha,RU,63.0494,147.1858,56.7,68,88,3.22,overcast clouds
371,Davydivka,UA,48.121,25.5646,62.42,56,1,6.02,clear sky
372,Vila Franca Do Campo,PT,37.7167,-25.4333,73.2,81,69,2.59,broken clouds
373,Bom Jesus Do Itabapoana,BR,-21.1339,-41.6797,65.39,90,43,3.29,scattered clouds
374,Camacha,PT,33.0833,-16.3333,67.42,73,75,17.27,broken clouds
375,Saurimo,AO,-9.6608,20.3916,72.68,34,100,3.91,overcast clouds
376,Samana,DO,19.2056,-69.3369,76.96,83,84,8.97,broken clouds
377,Athens,GR,37.9795,23.7162,84.18,35,0,4.61,clear sky
378,Inyonga,TZ,-6.7167,32.0667,67.93,46,79,6.71,broken clouds
379,Kosa,RU,59.9445,54.9977,55.94,94,88,4.92,light rain
380,Abbeville,FR,50.1,1.8333,64.36,70,88,11.23,overcast clouds
381,Asau,RO,46.4333,26.4,63.52,48,0,4.63,clear sky
382,Apac,UG,1.9756,32.5386,62.94,97,40,1.23,light rain
383,Killybegs,IE,54.6333,-8.45,55.45,75,100,5.97,overcast clouds
384,Aksu,CN,41.1231,80.2644,75.4,28,0,4.14,clear sky
385,Nagato,JP,34.3833,131.2,76.69,83,40,13.96,scattered clouds
386,Takoradi,GH,4.8845,-1.7554,73.69,77,69,7.65,broken clouds
387,Leh,IN,34.1667,77.5833,64.53,20,95,4.99,overcast clouds
388,Kattivakkam,IN,13.2167,80.3167,78.89,74,97,10.45,overcast clouds
389,Aklavik,CA,68.2191,-135.0107,68.0,64,40,8.05,scattered clouds
390,Tynda,RU,55.1667,124.7167,65.93,85,29,2.19,scattered clouds
391,Fairlie,GB,55.756,-4.8556,60.4,81,100,4.16,overcast clouds
392,Poum,NC,-20.2333,164.0167,77.59,83,99,23.26,overcast clouds
393,Labuhan,ID,-6.8844,112.2051,75.18,85,94,8.7,overcast clouds
394,Davila,PH,18.4726,120.5763,84.51,73,0,5.41,clear sky
395,Bengkulu,ID,-3.8004,102.2655,74.66,90,82,4.88,broken clouds
396,Akdepe,TM,42.0551,59.3788,87.89,21,1,6.15,clear sky
397,Arsenal,MU,-20.1056,57.5353,70.11,71,55,18.88,broken clouds
398,Jucas,BR,-6.5253,-39.5275,72.84,66,70,1.43,broken clouds
399,Hambantota,LK,6.1241,81.1185,78.62,83,100,20.45,overcast clouds
400,Angoche,MZ,-16.2325,39.9086,70.68,76,0,3.49,clear sky
401,Den Helder,NL,52.9599,4.7593,62.98,79,100,7.0,overcast clouds
402,Vao,NC,-22.6667,167.4833,73.63,90,46,19.51,scattered clouds
403,Sungairaya,ID,0.7,108.9,77.23,89,90,6.85,overcast clouds
404,Pavlohrad,UA,48.5167,35.8667,59.9,92,80,11.59,light rain
405,Ulladulla,AU,-35.35,150.4667,56.91,77,50,8.46,scattered clouds
406,Maarianhamina,AX,60.0973,19.9348,67.86,83,92,5.75,overcast clouds
407,Tukums,LV,56.9669,23.1553,60.15,80,11,4.72,few clouds
408,Rockport,US,28.0206,-97.0544,91.44,76,20,21.85,few clouds
409,Huanuco,PE,-9.9329,-76.2415,65.59,78,21,6.89,few clouds
410,San Cristobal,VE,7.7669,-72.225,75.38,84,89,4.34,overcast clouds
411,Butte,US,39.6499,-121.5677,103.3,13,0,9.22,clear sky
412,Lewistown,US,40.5992,-77.5714,89.01,48,20,8.05,few clouds
413,Totskoye,RU,52.5248,52.7623,66.07,56,89,3.69,overcast clouds
414,Belmonte,BR,-15.8631,-38.8828,71.4,86,57,4.32,broken clouds
415,Bubaque,GW,11.2833,-15.8333,77.97,87,100,16.8,light rain
416,Amapa,BR,1.0,-52.0,75.56,84,90,2.77,overcast clouds
417,Mackay,AU,-21.15,149.2,65.68,80,27,7.85,scattered clouds
418,Dingli,MT,35.8614,14.3822,77.81,69,0,0.78,clear sky
419,Shishou,CN,29.7226,112.419,79.68,89,91,10.07,overcast clouds
420,Darhan,MN,49.4867,105.9228,55.42,97,100,3.78,overcast clouds
421,Weihe,CN,32.9952,105.3247,58.48,98,100,5.73,moderate rain
422,Zhuhai,CN,22.2769,113.5678,85.86,84,20,2.3,few clouds
423,Santa Lucia,ES,27.9117,-15.5407,67.32,64,0,28.77,clear sky
424,Sao Filipe,CV,14.8961,-24.4956,74.79,86,88,6.2,overcast clouds
425,Karpathos,GR,35.507,27.2132,73.36,83,0,26.46,clear sky
426,Hirara,JP,24.8,125.2833,86.27,79,40,9.22,scattered clouds
427,Ambon,ID,-3.6954,128.1814,78.24,15,20,5.75,few clouds
428,Barra Do Garcas,BR,-15.89,-52.2567,75.78,46,0,0.0,clear sky
429,Miraflores,MX,19.2167,-98.8083,83.03,35,37,3.18,scattered clouds
430,Verkhnyaya Inta,RU,65.9811,60.3094,41.29,78,4,6.44,clear sky
431,Manica,FR,49.0,-1.1667,57.63,93,27,4.47,scattered clouds
432,Pangody,RU,65.85,74.4859,44.22,84,100,7.45,overcast clouds
433,Barreirinha,BR,-2.7933,-57.07,79.84,73,69,1.81,broken clouds
434,Fairbanks,US,64.8378,-147.7164,66.22,55,75,6.91,light intensity shower rain
435,Fort Saint James,CA,54.4333,-124.25,77.11,26,39,7.83,scattered clouds
436,Forestville,US,38.8451,-76.875,90.09,67,0,8.05,clear sky
437,Imbituba,BR,-28.24,-48.6703,67.08,91,14,8.81,few clouds
438,Nizwa,OM,22.9333,57.5333,84.24,75,68,2.98,broken clouds
439,Orange Cove,US,36.6244,-119.3137,106.93,12,0,8.05,clear sky
440,Lorengau,PG,-2.0226,147.2712,83.59,74,87,10.16,overcast clouds
441,Kunnamangalam,IN,11.3046,75.8777,75.83,95,100,5.26,overcast clouds
442,Merauke,ID,-8.4667,140.3333,78.12,79,34,8.63,scattered clouds
443,At-Bashi,KG,41.1702,75.8106,59.58,40,0,5.03,clear sky
444,Eregli,TR,37.5133,34.0467,63.68,39,0,2.84,clear sky
445,Guerrero Negro,MX,27.9769,-114.0611,77.14,53,5,21.74,clear sky
446,Shingu,JP,33.7333,135.9833,84.04,76,6,2.57,clear sky
447,Leningradskiy,RU,69.3833,178.4167,35.96,99,100,8.21,light rain
448,Ahipara,NZ,-35.1667,173.1667,58.42,67,83,7.16,broken clouds
449,Aykhal,RU,66.0,111.5,55.98,83,100,2.17,overcast clouds
450,Laguna,US,38.421,-121.4238,103.75,24,0,6.91,clear sky
451,Homer,US,59.6425,-151.5483,57.09,75,100,10.0,overcast clouds
452,Ishigaki,JP,24.3448,124.1572,86.13,84,20,8.05,few clouds
453,Mengyin,CN,35.7069,117.9264,76.1,75,38,1.21,scattered clouds
454,Whitianga,NZ,-36.8333,175.7,54.82,59,74,6.29,broken clouds
455,Quatre Cocos,MU,-20.2078,57.7625,70.09,70,86,17.9,overcast clouds
456,Coihaique,CL,-45.5752,-72.0662,30.15,93,40,3.44,scattered clouds
457,Tucurui,BR,-3.7661,-49.6725,77.79,59,32,3.47,scattered clouds
458,Taoudenni,ML,22.6783,-3.9836,88.32,45,46,13.18,light rain
459,Lonar,IN,19.9833,76.5333,73.49,89,100,11.74,overcast clouds
460,Raudeberg,NO,61.9875,5.1352,52.47,79,66,10.67,broken clouds
461,Mount Gambier,AU,-37.8333,140.7667,49.82,82,100,11.01,light rain
462,Rovaniemi,FI,66.5,25.7167,63.81,88,0,3.44,clear sky
463,Lom Sak,TH,16.7798,101.2422,75.09,100,75,0.0,broken clouds
464,Saint-Philippe,RE,-21.3585,55.7679,65.21,79,52,12.62,light rain
465,Olga,RU,43.7444,135.2892,62.42,98,100,5.12,overcast clouds
466,Mathbaria,BD,22.2876,89.9593,80.53,90,100,3.85,overcast clouds
467,Santo Antonio Do Ica,BR,-3.1022,-67.9397,74.16,98,94,1.34,overcast clouds
468,Yarada,IN,17.65,83.2667,80.92,89,75,3.44,mist
469,Korla,CN,41.7597,86.1469,74.19,34,0,2.33,clear sky
470,Bereda,ES,43.2686,-7.5406,66.42,100,93,6.02,overcast clouds
471,Phalaborwa,ZA,-23.943,31.1411,63.19,77,72,3.83,light rain
472,Novyy Buh,UA,47.6931,32.5216,69.12,56,68,11.21,broken clouds
473,Okhotsk,RU,59.3833,143.3,61.34,81,100,4.47,overcast clouds
474,Bar Harbor,US,44.3876,-68.2039,71.74,89,100,11.5,overcast clouds
475,Hami,CN,42.8,93.45,73.08,26,0,2.39,clear sky
476,Xining,CN,36.6167,101.7667,46.04,87,32,2.66,scattered clouds
477,Villamontes,BO,-21.25,-63.5,75.36,51,42,4.36,scattered clouds
478,Sanguem,IN,15.2333,74.1667,75.81,94,99,2.53,overcast clouds
479,Houma,US,29.5958,-90.7195,80.6,78,0,0.0,clear sky
480,Bogatoye,RU,53.0601,51.3325,63.34,76,100,9.95,overcast clouds
481,Chebsara,RU,59.2002,38.8356,59.88,74,99,5.46,overcast clouds
482,Shetpe,KZ,44.1667,52.1167,77.94,52,58,20.33,broken clouds
483,Bosaso,SO,11.2842,49.1816,89.13,36,42,23.06,scattered clouds
484,Taunggyi,MM,20.7833,97.0333,63.09,95,100,2.42,overcast clouds
485,Tianpeng,CN,30.9866,103.9393,70.27,96,100,3.6,overcast clouds
486,Gidam,IN,18.9833,81.4,73.9,98,100,2.51,overcast clouds
487,Chara,RU,56.9064,118.2631,63.73,84,100,1.52,overcast clouds
488,Kavieng,PG,-2.5744,150.7967,82.18,78,100,11.3,light rain
489,Serenje,ZM,-13.2325,30.2352,55.26,72,31,6.33,scattered clouds
490,Toppenish,US,46.3774,-120.3087,98.69,7,17,18.37,few clouds
491,Tarrafal,CV,15.2833,-23.7667,77.79,85,100,5.95,overcast clouds
492,Sheridan,US,44.8333,-106.9173,95.38,11,0,14.97,clear sky
493,Rio Gallegos,AR,-51.6226,-69.2181,30.25,80,0,19.57,clear sky
494,Nalut,LY,30.3333,10.85,82.18,23,0,10.11,clear sky
495,Kedrovyy,RU,56.1667,91.8167,55.87,87,68,4.16,broken clouds
496,Yelizovo,RU,53.1873,158.3805,66.34,82,75,7.0,broken clouds
497,Point Pedro,LK,9.8167,80.2333,79.57,83,97,12.57,overcast clouds
498,Along,IN,28.1667,94.7667,74.21,99,100,1.81,overcast clouds
499,Charters Towers,AU,-20.1,146.2667,61.84,67,1,7.92,clear sky
500,Nhulunbuy,AU,-12.2333,136.7667,77.61,44,48,11.5,scattered clouds
501,Seminole,US,28.7086,-81.2081,93.42,65,20,17.27,few clouds
502,Kampot,KH,10.6167,104.1833,73.45,87,58,2.86,broken clouds
503,Acucena,BR,-19.0731,-42.5464,57.72,70,42,2.37,scattered clouds
504,Southbridge,US,42.0751,-72.0334,86.11,96,82,6.04,broken clouds
505,Christchurch,NZ,-43.5333,172.6333,48.33,76,75,5.75,broken clouds
506,Progreso,MX,21.2833,-89.6667,93.31,73,53,18.59,broken clouds
507,Egvekinot,RU,66.3167,-179.1667,45.23,52,85,10.69,overcast clouds
508,Providencia,MX,28.7167,-111.5833,108.21,32,2,12.93,clear sky
509,Oktyabrskoye,RU,43.0645,44.7417,64.54,93,100,4.47,light rain
510,Aksarka,RU,66.5606,67.7975,44.42,80,69,6.51,broken clouds
511,Mantua,IT,45.1667,10.7833,83.44,63,2,5.01,clear sky
512,Eskisehir,TR,39.7767,30.5206,58.87,82,0,5.75,clear sky
513,Tunggol,PH,5.8446,121.1544,80.83,78,79,0.18,broken clouds
514,Mangrol,IN,21.1167,70.1167,81.54,82,100,15.95,overcast clouds
515,Ugoofaaru,MV,5.6667,73.0,82.29,74,98,18.07,overcast clouds
516,Kudahuvadhoo,MV,2.6708,72.8944,81.03,78,88,17.0,overcast clouds
517,Kenora,CA,49.8167,-94.4337,79.77,34,40,15.01,scattered clouds
518,Alexandria,EG,31.2156,29.9553,77.49,69,0,12.03,clear sky
519,Smithers,CA,54.7804,-127.1743,75.63,33,35,6.33,scattered clouds
520,Viedma,AR,-40.8135,-62.9967,44.11,50,98,10.33,overcast clouds
521,Tessalit,ML,20.1986,1.0114,88.32,36,62,8.63,broken clouds
522,Alofi,NU,-19.0595,-169.9187,82.29,57,40,8.05,scattered clouds
523,Cabo San Lucas,MX,22.8909,-109.9124,98.19,40,0,10.36,clear sky
524,Morada Nova,BR,-5.1067,-38.3725,76.71,72,98,5.73,overcast clouds
525,Vanimo,PG,-2.6741,141.3028,78.4,87,100,5.21,overcast clouds
526,Saint-Augustin,CA,51.226,-58.6502,67.91,59,81,5.59,broken clouds
527,Amberg,DE,49.4414,11.8622,66.54,64,45,1.81,scattered clouds
528,Jasper,US,37.2001,-94.3502,105.12,20,20,4.61,few clouds
529,Laje,BR,-10.1833,-40.9667,68.13,74,77,5.23,broken clouds
530,Road Town,VG,18.4167,-64.6167,82.44,83,20,11.5,few clouds
531,Sumbe,AO,-11.2061,13.8437,67.17,91,22,6.67,few clouds
532,Logan Lake,CA,50.4998,-120.8025,84.04,21,51,8.88,broken clouds
533,Mastic Beach,US,40.7668,-72.8521,83.98,88,40,11.99,scattered clouds
534,Okha,RU,53.5739,142.9478,56.28,78,100,13.15,overcast clouds
535,Camana,PE,-16.6228,-72.7111,60.37,85,79,6.08,broken clouds
536,Hailin,CN,44.5833,129.4167,69.1,90,6,2.86,clear sky
537,Port Blair,IN,11.6667,92.75,78.82,87,100,3.47,overcast clouds
538,Alamos,MX,27.0167,-108.9333,98.47,35,0,6.13,clear sky
539,Port Augusta,AU,-32.5,137.7667,52.92,78,100,6.96,overcast clouds
540,Mogadishu,SO,2.0371,45.3438,75.69,86,83,17.65,light rain
541,Cabedelo,BR,-6.9811,-34.8339,74.07,83,96,7.63,overcast clouds
542,Inuvik,CA,68.3499,-133.7218,68.76,59,75,4.61,broken clouds
543,Erdaojiang,CN,41.7764,126.0319,67.91,93,78,1.45,broken clouds
544,Kalmunai,LK,7.4167,81.8167,79.14,82,98,4.97,overcast clouds
545,Srednekolymsk,RU,67.45,153.6833,53.82,40,0,8.03,clear sky
546,San Carlos De Bariloche,AR,-41.1456,-71.3082,35.24,93,75,18.41,sleet
547,Sulangan,PH,11.1373,123.7228,83.48,77,100,9.86,overcast clouds
548,Neiafu,TO,-18.65,-173.9833,77.38,74,15,12.17,few clouds
549,Roma,US,43.2128,-75.4557,83.73,81,100,6.91,overcast clouds
550,Santa Rosa,PH,14.3122,121.1114,84.02,74,44,3.24,scattered clouds
551,Kosh-Agach,RU,50.0,88.6667,46.9,85,100,2.21,light rain
552,Kraskino,RU,42.7114,130.7794,68.41,96,100,1.12,overcast clouds
553,Ngunguru,NZ,-35.6167,174.5,54.99,72,27,7.85,scattered clouds
554,Nyurba,RU,63.2842,118.3319,55.87,88,100,4.61,overcast clouds
555,Senador Jose Porfirio,BR,-2.5908,-51.9542,80.1,70,86,1.12,overcast clouds
556,Gerede,TR,40.8008,32.1969,48.78,96,0,2.84,clear sky
557,Wang Saphung,TH,17.301,101.7685,75.7,100,75,1.48,mist
558,Sao Felix Do Xingu,BR,-6.6447,-51.995,77.58,43,15,1.81,few clouds
559,Naze,JP,28.3667,129.4833,85.12,83,31,13.27,scattered clouds
560,Siatista,GR,40.2619,21.5442,64.94,38,0,4.05,clear sky
561,Bud,US,39.447,-86.1758,89.31,55,0,7.74,clear sky
562,Adrar,MR,20.5022,-10.0711,93.06,31,88,2.82,overcast clouds
563,Camocim,BR,-2.9022,-40.8411,79.97,76,53,10.71,broken clouds
564,Patacamaya,BO,-17.2333,-67.9167,48.67,16,31,7.34,scattered clouds
565,Salaga,GH,8.5508,-0.5188,74.52,74,64,4.68,broken clouds
566,Apiai,BR,-24.5094,-48.8425,58.35,85,30,1.88,scattered clouds
567,Arrecife,ES,28.963,-13.5477,73.38,83,20,29.93,few clouds
568,Namibe,AO,-15.1961,12.1522,62.78,87,18,3.44,few clouds
569,Moindou,NC,-21.6924,165.677,78.48,72,70,11.18,broken clouds
570,Champagnole,FR,46.7445,5.9135,67.44,64,4,4.68,clear sky
571,Villa Maria,AR,-32.4075,-63.2402,51.82,73,99,5.57,overcast clouds
572,Ust-Maya,RU,60.4167,134.5333,76.32,53,34,6.08,scattered clouds
573,Puntarenas,CR,9.9763,-84.8384,79.93,84,100,3.31,overcast clouds
574,Kimbe,PG,-5.5502,150.1429,82.17,76,83,0.74,broken clouds
575,Palmas De Monte Alto,BR,-14.2672,-43.1619,72.01,48,14,8.14,few clouds
576,Collie,AU,-33.3667,116.15,49.93,95,51,2.33,broken clouds
577,Buluang,PH,13.3068,123.3425,80.26,87,29,1.9,scattered clouds
578,Mao,ES,39.8885,4.2658,75.76,83,0,0.0,clear sky
579,Monte Alegre,BR,-2.0078,-54.0692,79.88,73,74,2.42,broken clouds
580,Santa Cruz,BO,-17.8,-63.1667,78.85,57,75,13.8,broken clouds
581,Neuquen,AR,-38.9516,-68.0591,49.89,53,0,3.44,clear sky
582,Liwale,TZ,-9.7667,37.9333,60.28,93,46,1.63,scattered clouds
583,Longyan,CN,25.1072,117.0225,80.08,78,3,1.03,clear sky
584,Whyalla,AU,-33.0333,137.5833,53.56,77,100,12.44,overcast clouds
585,Zeya,RU,53.75,127.2667,70.48,65,49,2.39,scattered clouds
586,Mareeba,AU,-17.0,145.4333,68.43,81,14,2.64,few clouds
587,Veraval,IN,20.9,70.3667,81.39,83,100,15.48,overcast clouds
588,Manokwari,ID,-0.8667,134.0833,80.17,76,97,4.07,moderate rain
589,Gari,RU,59.4307,62.3497,52.97,78,52,4.45,broken clouds
590,Kalmar,SE,56.6616,16.3616,70.14,88,57,3.0,broken clouds
591,Gladstone,AU,-23.85,151.25,57.13,94,75,17.27,broken clouds
592,Xai-Xai,MZ,-25.0519,33.6442,64.51,90,45,5.66,scattered clouds
593,Ierapetra,GR,35.01,25.7353,79.14,45,0,5.01,clear sky
594,Nikolsk,RU,53.7189,46.0712,56.16,98,75,7.81,broken clouds
595,Yerbogachen,RU,61.2767,108.0108,61.99,77,99,2.59,overcast clouds
596,Mildura,AU,-34.2,142.15,49.06,88,38,13.2,scattered clouds
597,Birjand,IR,32.8663,59.2211,68.47,18,0,6.91,clear sky
598,Skjervoy,NO,70.0311,20.9714,53.6,85,100,6.11,overcast clouds
599,Marti,CU,22.9475,-80.9203,84.33,69,31,12.12,scattered clouds
600,Matara,LK,5.9485,80.5353,76.82,91,100,14.94,overcast clouds
601,Tabas,IR,33.5959,56.9244,89.8,12,0,4.18,clear sky
602,Broome,US,42.2506,-75.833,85.01,56,20,11.5,few clouds
603,Vila Velha,BR,-20.3297,-40.2925,71.55,89,75,3.44,broken clouds
604,Plettenberg Bay,ZA,-34.0527,23.3716,54.95,70,69,3.98,broken clouds
605,Makasar,ID,-5.14,119.4221,75.25,100,20,1.14,few clouds
606,San Jose,US,37.3394,-121.895,96.91,39,20,11.5,few clouds
607,Byron Bay,AU,-28.65,153.6167,59.7,88,100,18.95,light rain
608,Shimoda,JP,34.6667,138.95,86.11,85,7,10.63,clear sky
609,Barcelos,PT,41.5388,-8.6151,68.85,90,67,1.79,broken clouds
610,Tsovinar,AM,40.157,45.4613,59.94,75,19,5.95,few clouds
611,Bayeux,BR,-7.125,-34.9322,74.03,88,100,11.5,overcast clouds
612,Henties Bay,NA,-22.116,14.2845,58.68,70,0,3.29,clear sky
613,Pingliang,CN,35.5392,106.6861,58.89,89,100,8.93,overcast clouds
614,Svetlogorsk,BY,52.6333,29.7333,58.44,95,37,7.16,scattered clouds
615,Arcot,IN,12.9,79.3333,81.43,72,99,3.65,overcast clouds
616,Talara,PE,-4.5772,-81.2719,72.36,64,0,16.11,clear sky
617,Maracaju,BR,-21.6144,-55.1683,75.11,35,37,5.55,scattered clouds
618,Muros,ES,42.7762,-9.0603,68.09,83,77,15.7,broken clouds
619,Ketchikan,US,55.3422,-131.6461,63.07,67,100,5.75,overcast clouds
620,Solnechnyy,RU,50.7214,136.6319,56.79,94,100,6.85,overcast clouds
621,Labrea,BR,-7.2586,-64.7981,80.46,55,19,0.76,few clouds
622,Banda Aceh,ID,5.5577,95.3222,80.01,77,100,9.73,overcast clouds
623,Gazojak,TM,41.1875,61.4036,92.3,16,0,13.78,clear sky
624,Yoshida,JP,37.6833,138.8833,75.09,92,100,4.07,light rain
625,Balikpapan,ID,-1.2675,116.8289,76.19,94,20,3.44,few clouds
626,Kabala,SL,9.5833,-11.55,69.26,99,84,2.98,broken clouds
627,Camiri,BO,-20.05,-63.5167,68.79,55,86,1.57,overcast clouds
628,Kapit,MY,2.0167,112.9333,74.07,99,100,1.28,overcast clouds
629,Port Macquarie,AU,-31.4333,152.9167,58.89,80,99,14.54,overcast clouds
630,Kendari,ID,-3.945,122.4989,74.75,93,70,1.83,broken clouds
631,Las Lajas,AR,-38.5232,-70.3674,46.71,67,8,7.23,clear sky
632,Sabha,LY,27.0377,14.4283,81.03,27,0,10.04,clear sky
633,Ribeira Brava,PT,32.65,-17.0667,70.72,83,3,5.95,clear sky
634,Lalsk,RU,60.7415,47.5862,60.67,83,88,4.52,overcast clouds
635,Sebrovo,RU,50.0981,43.2976,60.76,78,84,5.37,broken clouds
636,Nesbyen,NO,60.5681,9.1027,62.37,66,100,1.01,overcast clouds
637,Dehloran,IR,32.6941,47.2679,98.51,10,0,8.43,clear sky
638,Ixtapa,MX,20.7,-105.2,89.22,79,20,11.5,few clouds
639,Cognac,FR,45.5,-0.25,72.37,68,0,9.22,clear sky
640,Ballarat,AU,-37.5662,143.8496,47.16,72,12,10.36,few clouds
641,Rabo De Peixe,PT,37.8,-25.5833,72.28,68,20,4.61,few clouds
642,Asnaes,DK,55.8123,11.5013,65.05,87,81,12.17,broken clouds
643,Khash,IR,28.2211,61.2158,79.79,55,36,4.09,scattered clouds
644,Wilmington,US,34.2257,-77.9447,86.92,79,20,12.66,few clouds
645,Palamos,ES,41.8484,3.1291,80.38,67,0,4.0,clear sky
646,Muisne,EC,0.6,-80.0333,73.58,84,100,8.46,overcast clouds
647,Libreville,GA,0.3925,9.4537,76.24,81,96,9.84,overcast clouds
648,Plyussa,RU,58.4308,29.3654,59.25,91,0,2.42,clear sky
649,Lenger,KZ,42.183,69.8839,72.84,17,0,7.25,clear sky
650,Batagay,RU,67.6333,134.6333,63.55,56,90,3.04,overcast clouds
651,Hay River,CA,60.8156,-115.7999,64.38,52,75,12.66,broken clouds
652,Bat Khela,PK,34.6167,71.9714,78.17,82,98,0.27,overcast clouds
653,Tual,ID,-5.6667,132.75,78.66,70,94,18.9,overcast clouds
654,Jiuquan,CN,39.7432,98.5174,65.7,31,0,2.28,clear sky
655,Ekhabi,RU,53.5102,142.9671,56.1,78,100,13.42,overcast clouds
